{"Pop":{"x":[1.7802913663585977,-12.636539693034461,-4.650515029063569,-6.43514159819195,-4.645061027256644,14.202545884962502,7.305467857595716,14.183909432976963,-8.652756309786438,-1.0861918802453983,-1.0158362038678341,-6.985829676753791,-8.158296540770445,-10.067432549804868,8.37786621515576,15.080154990019702,-3.6611635182586966,-9.059823474237978,-5.8661492455238955,-1.5986458675210395,-6.077152619798754,15.480410246571367,-7.599851173790085,-5.097457739850922,-10.02202755108613,-2.32217595216028,7.989612015611655,7.1059741038860835,-13.188752224013866,-4.224224890920174,0.4738528444235097,-7.899019196680222,14.181006950207497],"y":[0.8491015952887515,1.0506022272055464,1.160500665595254,0.7936385619508558,0.716522661600247,-0.04272074546638169,0.5703098436026521,-0.4055902342049977,0.9576058140056708,0.5443320273561325,1.5235775207875921,1.1615061641879398,0.7108077301079762,-0.06627498635058221,0.825906741768191,-0.031001976408129604,1.1536394043247904,0.13051199680703415,1.2023523025490308,0.8924829135041008,0.5774183457737421,-0.22282693330771225,1.1016728171380126,1.3186956553811386,0.716741973560781,0.6670831236723503,0.6395208293034546,1.2039836868202796,0.6920739869944081,0.7616152114844178,1.3396243010772877,0.6598470385252736,-0.5706504850695108],"title":["Sunroof","Ur So FkInG cOoL","Late Night Talking","About Damn Time","CUFF IT","SNAP","STAR WALKIN League of Legends Worlds Anthem","STAY with Justin Bieber","Left and Right Feat. Jung Kook of BTS","Satellite","Sweater Weather","Charlie","Yalanc","Bi Tek Ben Anlarm","Made You Look","psychofreak feat. WILLOW","Flowers","Antidepresan","Kiss Me More feat. SZA","Fly Away Jonas Blue Remix","Dont Go Yet","I Dont Think That I Like Her","Break My Heart Myself feat. Travis Barker","Dancings Done","Bam Bam feat. Ed Sheeran","No One Dies From Love","Locked out of Heaven","Shivers","Akn Olaym","Cloudy Day","Im Good Blue","Nothing on You","Weapons"],"linewidth":[2,2,2,2,2,2,2,2,2,2,2,2,2,2,2,2,2,2,2,2,2,2,2,2,2,2,2,2,2,2,2,2,2]},"Rock":{"x":[4.691645420407529,12.4909823269229,-4.527808707635836,-0.5190055018737632,-1.28464957416821,2.643061090177694,9.830202151547113,-8.819316685749873,-11.428357439198228,-10.845340265218788,6.970169610310305,13.495395277028068,8.939376997760728,-7.511831677334196,6.574764671901009,-10.914307183362583,-0.2127755075770342,5.566311384209949,0.21929959714982022,11.264131474294762,15.864976431009453,5.707420833124965,-5.195297941256529,-3.7694687719545312,-1.5422714980816494,-6.842280501502226,-11.455228285569813,5.736001584881773],"y":[-0.5760291411044071,-0.42314373752636125,-0.24522649245826175,-1.6715803904157451,0.23614340928082467,0.6897375075843843,0.9921092790682795,0.4823983008898777,0.02635228370757107,0.11368877198863235,0.5593504843576123,-0.34745301692294994,0.08446922291305797,0.5429124543073458,0.9134866415394334,0.14698978777803584,-1.524892149975867,-0.09445568827302211,0.9895230257105526,0.34107850587650124,-0.3920062271973115,0.6897397904452046,0.5911683224027033,0.18738415327205635,0.19569044194193347,0.30057950063116584,-0.9662877701158106,1.1240762384764347],"title":["Barracuda","Everlong","Everywhere  2017 Remaster","Rebel Rebel  2016 Remaster","Seven Nation Army","Thunderstruck","Hotel California  2013 Remaster","Would 2022 Remaster","Whole Lotta Love  1990 Remaster","Creep","Panama  2015 Remaster","Breaking the Law","Born to Run","Even Flow","Girls Girls Girls","Give It Away","Comfortably Numb  2011 Remastered Version","Long Cool Woman In a Black Dress  1999 Remaster","You Shook Me All Night Long","The Chain  2004 Remaster","Lets Go Crazy","You Really Got Me  2015 Remaster","Should I Stay or Should I Go  Remastered","House of the Rising Sun","Psycho Killer  2005 Remaster","Good Times Roll  2016 Remaster","Africa","Crazy Train"],"linewidth":[2,2,2,2,2,2,2,2,2,2,2,2,2,2,2,2,2,2,2,2,2,2,2,2,2,2,2,2]},"Techno":{"x":[8.444721263399131,10.26748480489294,11.019976281080737,11.85592929524206,7.393185014545078,10.741745237524782,12.911620183327297,10.392770902896268,1.0794262911038206,0.10179241971209965,10.419227690934488,9.442817089196403,10.702398693160198,12.892642079675419,15.040035248313275,2.4690923697391045,10.573213482926466,10.576235399466569,-0.3468349021855005,1.1647978856192294,6.0908626787109315,14.239849695589555,10.868082065454896,9.046615900840605,8.43100389958161,12.90829650517345,5.009416385235135,15.962091883942009,-0.3879778857855661,0.42699593027577865,1.6268826646438586,10.982266634485162,-1.0850457382480605,3.8930894905571094,-10.03949534982411,6.0602093257128535,-0.3292092802773437,6.695644355716694,-0.5020429999779796,1.1694599126340595],"y":[-0.04532853430424221,-0.36098401871369745,1.052777677112552,-0.11597976410319867,-0.2944879780276076,0.15586947208815002,-0.1684897992841807,0.4531290164367601,-0.1993648976708513,-1.1666552696512418,0.5657132792016,-0.12699052066975183,-0.003258380551085419,-0.47505267427050807,-0.5284586727650126,0.10091258582774092,0.47555879562859854,-0.19665495589794663,0.861749269195099,0.5390684231840883,-0.3096110083368568,0.26382932013055244,0.9904536915359493,0.46838136564443056,0.5299300947851686,0.0006098489678962513,0.3661512599954315,-0.41560672338701865,-0.30120268229227787,0.21125938584205448,0.1437869450102293,1.1859456603842669,0.7769983027236093,-0.001351065996862495,0.6456951688193903,-0.11757579963620417,0.7027586347339689,-0.08423064974553746,-0.9254082661697798,0.831755648068795],"title":["Miss You","Toro I Hate Models Speed Up Revival Edit of Andre VII RMX","Help Me","Lekkere Boterham","Techno Crari","Samson  Ket","Push Up  Original Mix","We Are The People","Rock With Me","JESUS IN BERLIN","Falkors Return","PRAISE THE LORD TECHNO","Mindcontroller","SOAR","Sevilla","Resistance","Obsession","Fist On Acid  Techno Mix","Satisfaction","Inside My Head","Missing Channel  Original Mix","ANOTHER LOVE TECHNO","Its My Beat","Bamboleo","Visstick Gooi Die Kanker Kick","Crying in your sleep","B.O.T.A. Baddest Of Them All","Wachtmuziek Sped Up","Passi  Deborah De Luca Remix","Maria Maria","Acid Waves  Original Mix","WE ARE THE PEOPLE TECHNO","La Rave","Caliente  Techno Remix","Umi  Remix","Sie Liebt Techno","Corocito Manguelena","141 Schneeschieber","Turn on the lights  8D Audio","Mandala"],"linewidth":[2,2,2,2,2,2,2,2,2,2,2,2,2,2,2,2,2,2,2,2,2,2,2,2,2,2,2,2,2,2,2,2,2,2,2,2,2,2,2,2]},"Jazz":{"x":[10.341145819853704,-13.28508004274707,-0.4948085917576795,-3.7298185591848556,-5.540276828840379,-0.2944827405335896,5.610716142604681],"y":[1.6522546969937295,0.25572275594413174,-1.80351061289056,-0.1517374183094431,-1.7244993807089903,-0.04309573720729946,-0.45240531008329504],"title":["Giant Steps  2020 Remaster","Just Friends","The Way You Look Tonight  2003 Remastered","Two Not One","This Is Always","In Your Own Sweet Way","Stars Fell On Alabama"],"linewidth":[2,2,2,2,2,2,2]},"Classical":{"x":[-13.880869893571473,-0.8529365826562865,-12.439723403672629,-14.555994516954444,-14.46321022320236,-0.7074801439110653,-13.251554437511558,-12.676396881433979,13.736236220965537,-1.36457314715134,-13.661355908887385,-12.660882815097642,-11.111729907197896,-13.98179773639774,-0.24521541969787103,-14.563774305554796,-12.368710054923735,-14.832162347224553,-14.004396925660577,-6.939379160907412,-6.114994862224109,-0.8689304703560243,-11.178683307664327,-12.813477048593732,-3.319896757191116,13.676709520034944,-14.6549320541319,-7.276336337940851,-5.876945520544575],